round,symbol,live,vst,ratio,qv,px_live,px_vst,q,px_diff
1,NCCOGOLD2USD-USDT,0.0015972490807194687,0.2731090279988148,170.98712486082317,908813155.58,4382.535,4382.865,Q4 ликвид,0.007529888523421427
1,BTC-USDT,0.0003173288526453162,0.0038079462318015155,12.000000000181897,676081197.49,63026.1,63026.100000000006,Q4 ликвид,1.1544356408191885e-14
1,ETH-USDT,0.0010653598252800198,0.26367725903494366,247.50065919337496,368276429.77,1877.3,1877.295,Q4 ликвид,-0.0002663399563139491
1,SOL-USDT,0.02263633397912918,0.18633623041805938,8.231731807361669,179268229.71,75.1005,75.13300000000001,Q4 ликвид,0.043275344371892434
1,NCCOXAG2USD-USDT,0.030835646006799614,0.24660912453760264,7.997533908750363,63783743.27,64.86,64.88,Q4 ликвид,0.030835646006777708
1,NCSINASDAQ1002USD-USDT,0.010306852338997195,0.1771330887845024,17.18595386433338,49055376.1,29980.055,29983.105,Q4 ликвид,0.010173430302243516
1,AAVE-USDT,0.10398012824214568,0.3235124205661481,3.1112908402340342,46039396.01,86.555,86.55,Q4 ликвид,-0.005776673791242174
1,NCCO1OILWTI2USD-USDT,0.07374631268436858,0.4299490203304395,5.830108715680538,35377341.84,81.36,81.405,Q4 ликвид,0.05530973451327643
1,NCSKSNDK2USD-USDT,0.008572128336999307,0.02142802479528027,2.499732149691683,30331782.27,1633.2,1633.375,Q4 ликвид,0.010715160421256092
1,LTC-USDT,0.1369550330974715,0.31948881789137507,2.3328008519701022,29373070.46,43.81,43.82,Q4 ликвид,0.02282583884957318
1,LINK-USDT,0.0674233059894196,0.2583543948329086,3.8318262660310793,26629758.58,8.899000000000001,8.9025,Q4 ликвид,0.03933026182715977
1,NCCO1OILBRENT2USD-USDT,0.08104196816207604,0.41661844693901107,5.140774050622941,26045441.9,86.375,86.41,Q4 ликвид,0.04052098408103802
1,TAO-USDT,0.07647403706441953,0.2396186494685049,3.133333333333207,25146284.02,196.14499999999998,196.14499999999998,Q3,0.0
1,UNI-USDT,0.21851100358981343,0.40567951318458106,1.8565633149812373,24832135.27,3.2035,3.2045,Q3,0.03121585765568565
1,PENDLE-USDT,0.06146281499693714,0.2688688304205921,4.374495870942302,24785707.42,1.3016,1.3017500000000002,Q3,0.011524277811931046
1,1000PEPE-USDT,0.04880887570632397,3.533648435741617,72.3976609705799,24337152.02,0.00266345,0.0026658,Q3,0.08823142916142303
1,HYPE-USDT,0.012550088298831759,0.3810205268100728,30.359987733754878,24017198.84,55.7765,55.9025,Q3,0.22590158937904814
1,STRK-USDT,0.3056101287928275,0.48024448810304493,1.5714285714286704,24013866.03,0.022905000000000002,0.022905000000000002,Q3,0.0
1,XRP-USDT,0.05997001499249715,0.2598181273108871,4.332467272909519,23746515.33,1.0005,1.0007,Q3,0.019990004997499047
1,BNB-USDT,0.013209167161998422,0.23611191374486107,17.874852430070963,22334297.96,605.64,605.645,Q3,0.0008255729476249014
1,ZRO-USDT,0.08880431335235305,0.27911697538695507,3.143056512125594,21394625.01,0.78825,0.7882,Q3,-0.00634316523945379
1,AKE-USDT,0.05899502658206804,0.4010983925210663,6.798850949971147,21021418.47,0.0145775,0.01458495,Q3,0.05110615674840764
1,AVAX-USDT,0.12437810945273642,0.29537504858142444,2.3748153905946507,19637332.85,6.432,6.4325,Q3,0.007773631840791711
1,WLD-USDT,0.17482517482518792,0.43699927166786473,2.499635833939999,19227494.59,0.3432,0.34325,Q3,0.014568764568762963
1,DOT-USDT,0.09206286578549798,0.27600709732535855,2.998028520733232,19139274.4,0.7603500000000001,0.76085,Q2,0.06575918984677384
1,BLUR-USDT,0.5301022340022766,1.3626040878122605,2.5704552827943914,19033714.74,0.013205,0.01321,Q2,0.03786444528587502
1,XAUT-USDT,0.005964547646417446,0.29045994836777295,48.697732935746636,18785731.33,4359.09,4365.49,Q2,0.14681963437322093
1,DOGE-USDT,0.07162810686914743,0.2862868594331403,3.996850844545403,18750860.98,0.069805,0.06986,Q2,0.07879091755604826
1,SUI-USDT,0.1474926253687317,0.28025665609556777,1.9001401283279478,16625184.47,0.6779999999999999,0.67795,Q2,-0.007374631268419392
1,BEAT-USDT,0.9693053311793223,1.131770412287794,1.1676098086769067,16448174.8,0.619,0.6185,Q2,-0.08077544426493456
1,ARB-USDT,0.05345449685954613,2.9356818788363936,54.91926874833407,16410809.8,0.07483000000000001,0.07494,Q2,0.14699986636375648
1,NCFXEUR2USD-USDT,0.006917303635049978,0.2351801895275693,33.99882409901905,15956161.68,1.15652,1.15656,Q2,0.003458651817524989
1,NCCOGASOLINE2USD-USDT,0.024549239471200936,0.2590978683311694,10.55421161356631,15904957.73,30143.5,30143.05,Q2,-0.0014928591570346097
1,ONDO-USDT,0.12292562999385723,0.1845018450184469,1.5009225092250227,15897773.85,0.3254,0.32520000000000004,Q2,-0.061462814996920086
1,INJ-USDT,0.20932666589139065,1.1396674031864051,5.444444444444182,15771090.45,4.2995,4.2995,Q2,0.0
1,TIA-USDT,0.23030103635467478,0.42770192465865037,1.8571428571427209,15680371.48,0.30395,0.30395,Q2,0.0
1,JTO-USDT,0.1448750452734558,0.3078315980081548,2.1248076052512275,15296920.19,0.5522,0.55225,Q1 неликвид,0.009054690329589731
1,NCSKSPCX2USD-USDT,0.05006257822279393,0.028604118993149644,0.5713672768879877,15265821.65,139.825,139.84,Q1 неликвид,0.010727695333463102
1,ENS-USDT,0.1486620416253553,0.3966286564204268,2.6679887621883647,15113822.71,4.036,4.034,Q1 неликвид,-0.04955401387511843
1,1000BONK-USDT,0.2517834662190486,0.7971470526536752,3.1660023774562176,14349755.17,0.002383,0.0023835,Q1 неликвид,0.020981955518257083
1,KAS-USDT,0.2380952380952284,0.43642134497124563,1.8329696488793064,14239784.9,0.0252,0.025204999999999998,Q1 неликвид,0.01984126984126215
1,ZEC-USDT,0.014310977541985993,0.2289733000776883,15.999836447644423,14140388.23,489.135,489.14,Q1 неликвид,0.0010222126815695978
1,ORDI-USDT,0.23584905660377378,0.4129793510324422,1.7510324483775535,13696020.36,3.392,3.3899999999999997,Q1 неликвид,-0.058962264150949996
1,ATH-USDT,0.21545919741448316,0.350074054126846,1.6247812037162728,13502199.48,0.003713,0.0037135,Q1 неликвид,0.013466199838395709
1,RUNE-USDT,0.16752423118344717,1.125074805505681,6.715892964007514,13258093.52,0.41785,0.41774999999999995,Q1 неликвид,-0.023932033026216225
1,STX-USDT,0.5702647657841191,0.733197556008145,1.2857142857142714,13003512.01,0.12275,0.12275,Q1 неликвид,0.0
1,BANANA-USDT,0.23681094592817634,0.31570639305445963,1.3331579408926981,12816810.64,3.8005,3.801,Q1 неликвид,0.013156163662680359
1,OP-USDT,0.5830903790087307,1.2813046010483444,2.1974373907979694,12803016.35,0.08574999999999999,0.08585000000000001,Q1 неликвид,0.1166180758017688
1,NCSISP5002USD-USDT,0.011307188030828908,0.23808896663863152,21.056425876131616,12535591.78,7782.66,7782.805,Q1 неликвид,0.0018631162096305965
2,NCCOGOLD2USD-USDT,0.00045642197125081435,0.2765778285902037,605.9695764256227,908813155.58,4381.91,4382.129999999999,Q4 ликвид,0.0050206416836344235
2,BTC-USDT,0.00047620445997685704,0.004126964474770033,8.666370900790383,676081197.49,62998.15,63000.3,Q4 ликвид,0.003412798629803344
2,ETH-USDT,0.0010660867154924688,0.26328692945616083,246.965772699398,368276429.77,1876.02,1876.28,Q4 ликвид,0.013859127301414212
2,SOL-USDT,0.02131826842365441,0.13580082545600303,6.370162095591244,179268229.71,75.053,75.11,Q4 ликвид,0.07594633125924635
2,NCCOXAG2USD-USDT,0.030840400925205895,0.215816247880377,6.997841837522616,63783743.27,64.85,64.87,Q4 ликвид,0.030840400925227805
2,NCSINASDAQ1002USD-USDT,0.010306852338997195,0.1771330887845024,17.18595386433338,49055376.1,29980.055,29983.105,Q4 ликвид,0.010173430302243516
2,AAVE-USDT,0.10406428860496435,0.33531826328264097,3.2222222222220114,46039396.01,86.485,86.485,Q4 ликвид,0.0
2,NCCO1OILWTI2USD-USDT,0.061428834695002335,0.4297378599054682,6.995702621401516,35377341.84,81.39500000000001,81.445,Q4 ликвид,0.06142883469498488
2,NCSKSNDK2USD-USDT,0.002453310435767035,0.03556929266169645,14.49848830507893,30331782.27,1630.45,1630.62,Q4 ликвид,0.010426569352009899
2,LTC-USDT,0.13701758392327534,0.2739100661949268,1.9990869664458983,29373070.46,43.79,43.81,Q4 ликвид,0.04567252797443053
2,LINK-USDT,0.04499437570303216,0.2586449254990125,5.748383469216186,26629758.58,8.89,8.8925,Q4 ликвид,0.028121484814392604
2,NCCO1OILBRENT2USD-USDT,0.06946052326927793,0.4165702383707469,5.997222865077292,26045441.9,86.38,86.41999999999999,Q4 ликвид,0.046307015512840985
2,TAO-USDT,0.06630454186111517,0.24484799020607514,3.692778553827369,25146284.02,196.065,196.04000000000002,Q3,-0.012750873434818689
2,UNI-USDT,0.21857923497268128,0.34337443421258373,1.570938036522544,24832135.27,3.2024999999999997,3.2035,Q3,0.03122560499610723
2,PENDLE-USDT,0.061514801999224294,0.28449502133712945,4.624822190612219,24785707.42,1.3005,1.3005499999999999,Q3,0.0038446751249429814
2,1000PEPE-USDT,0.04884922498826062,3.522872380380088,72.11726247912223,24337152.02,0.00266125,0.0026626,Q3,0.050728041333967966
2,HYPE-USDT,0.012564279752659405,0.3367425531533833,26.80158033588094,24017198.84,55.713499999999996,55.829,Q3,0.2073106159189503
2,STRK-USDT,0.26258205689278347,0.43763676148796227,1.6666666666666279,24013866.03,0.022850000000000002,0.022850000000000002,Q3,0.0
2,XRP-USDT,0.05999999999999339,0.25992202339298676,4.332033723216923,23746515.33,1.0,1.0003,Q3,0.029999999999996696
2,BNB-USDT,0.014858963669839085,0.2278318006967023,15.332953613660031,22334297.96,605.6949999999999,605.71,Q3,0.002476493944988822
2,ZRO-USDT,0.08882685108813324,0.2664805532643856,2.999999999999841,21394625.01,0.7880499999999999,0.78805,Q3,1.4088230754712984e-14
2,AKE-USDT,0.11229800998281318,0.40121258417377376,3.572748833529445,21021418.47,0.01451495,0.01453095,Q3,0.11023117544325257
2,AVAX-USDT,0.12449424214130107,0.2956968329312776,2.375184810520485,19637332.85,6.426,6.4254999999999995,Q3,-0.007780890133840819
2,WLD-USDT,0.20429009193055125,0.4377644827083033,2.142857142857041,19227494.59,0.34265,0.34265,Q3,0.0
2,DOT-USDT,0.052652362774788325,0.17095141034913114,3.24679466105533,19139274.4,0.7597,0.7604500000000001,Q2,0.09872318020271534
2,BLUR-USDT,0.5313092979127051,1.3657056145675366,2.5704530674182253,19033714.74,0.013175,0.01318,Q2,0.03795066413663401
2,XAUT-USDT,0.01124378006706758,0.29206577550335533,25.97576382330708,18785731.33,4357.965,4365.455,Q2,0.171869209596676
2,DOGE-USDT,0.086058519793466,0.257953568357695,2.9974204643161912,18750860.98,0.06972,0.06978000000000001,Q2,0.086058519793466
2,SUI-USDT,0.14755791648221941,0.2803807275142054,1.900140190363768,16625184.47,0.6777,0.67765,Q2,-0.0073778958241101505
2,BEAT-USDT,0.972447325769855,1.135442011354421,1.167612868342795,16448174.8,0.617,0.6165,Q2,-0.08103727714747892
2,ARB-USDT,0.10706638115631256,2.8304405874499294,26.436315086783416,16410809.8,0.07472,0.0749,Q2,0.24089935760171255
2,NCFXEUR2USD-USDT,0.009511827092263206,0.24557064911931392,25.81740045706443,15956161.68,1.156455,1.15649,Q2,0.0030264904384526203
2,NCCOGASOLINE2USD-USDT,0.031177963150305826,0.2673379968224663,8.574581845954999,15904957.73,30149.5,30149.1,Q2,-0.0013267218361878478
2,ONDO-USDT,0.18467220683286842,0.21541775657792847,1.166487151869503,15897773.85,0.32489999999999997,0.32494999999999996,Q2,0.015389350569404277
2,INJ-USDT,0.2328830926874866,1.1409942950285337,4.899429502852193,15771090.45,4.2940000000000005,4.294499999999999,Q2,0.011644154634346406
2,TIA-USDT,0.230528569076232,0.4281244854273089,1.8571428571429478,15680371.48,0.30365,0.30365,Q2,0.0
2,JTO-USDT,0.12668536784000053,0.3076644647543272,2.4285714285717455,15296920.19,0.55255,0.55255,Q1 неликвид,0.0
2,NCSKSPCX2USD-USDT,0.050091237611358676,0.02862049227246139,0.5713672418022152,15265821.65,139.745,139.76,Q1 неликвид,0.010733836630996713
2,ENS-USDT,0.19826517967781926,0.39692384023815475,2.0019846192011914,15113822.71,4.035,4.031,Q1 неликвид,-0.09913258983892062
2,1000BONK-USDT,0.16792611251048126,0.7559848803024031,4.501889962201189,14349755.17,0.002382,0.0023810000000000003,Q1 неликвид,-0.04198152812761121
2,KAS-USDT,0.2778329033538425,0.4763795156808338,1.7146259853683576,14239784.9,0.025195,0.02519,Q1 неликвид,-0.019845207382409455
2,ZEC-USDT,0.014320932088092797,0.2209537838335449,15.428729252704013,14140388.23,488.79499999999996,488.78999999999996,Q1 неликвид,-0.0010229237205772262
2,ORDI-USDT,0.17693895606016594,0.4132231404958747,2.3353994490357635,13696020.36,3.391,3.388,Q1 неликвид,-0.08846947803008297
2,ATH-USDT,0.21545919741448316,0.350074054126846,1.6247812037162728,13502199.48,0.003713,0.0037135,Q1 неликвид,0.013466199838395709
2,RUNE-USDT,0.1675643327348974,1.1491501077328157,6.857963678648007,13258093.52,0.41775,0.41769999999999996,Q1 неликвид,-0.011968880909646918
2,STX-USDT,0.5702647657841191,0.733197556008145,1.2857142857142714,13003512.01,0.12275,0.12275,Q1 неликвид,0.0
2,BANANA-USDT,0.263019463440289,0.3156233561283538,1.2000000000000266,12816810.64,3.802,3.8019999999999996,Q1 неликвид,-1.1680410569438786e-14
2,OP-USDT,0.46674445740956544,1.2813046010483444,2.7451951077460945,12803016.35,0.0857,0.08585000000000001,Q1 неликвид,0.1750291715286012
2,NCSISP5002USD-USDT,0.011307042745762547,0.24413529206932927,21.591436201196107,12535591.78,7782.76,7782.57,Q1 неликвид,-0.0024412933201140635
3,NCCOGOLD2USD-USDT,0.0013692127939127238,0.2747378125028515,200.65384557045252,908813155.58,4382.08,4382.360000000001,Q4 ликвид,0.006389659704995227
3,BTC-USDT,0.0009526032264648176,0.00396925888379677,4.1667493595701846,676081197.49,62985.3,62984.05,Q4 ликвид,-0.0019845900551398498
3,ETH-USDT,0.001065950348031819,0.2718100953467129,254.99320474784372,368276429.77,1876.26,1876.31,Q4 ликвид,0.002664875870079548
3,SOL-USDT,0.02264839695978032,0.13446854967015143,5.937221513246372,179268229.71,75.0605,75.1105,Q4 ликвид,0.06661293223466025
3,NCCOXAG2USD-USDT,0.030826140567194855,0.2773925104022296,8.998613037450118,63783743.27,64.88,64.89,Q4 ликвид,0.015413070283608379
3,NCSINASDAQ1002USD-USDT,0.010176267975511263,0.16713581544417178,16.42407765266959,49055376.1,29971.695,29981.605,Q4 ликвид,0.033064529717120955
3,AAVE-USDT,0.10410039905153363,0.33547342240731826,3.2225949704692893,46039396.01,86.455,86.445,Q4 ликвид,-0.01156671100573144
3,NCCO1OILWTI2USD-USDT,0.07374631268436858,0.4300018428650339,5.830824989249638,35377341.84,81.36,81.395,Q4 ликвид,0.04301868239920918
3,NCSKSNDK2USD-USDT,0.013498837259246844,0.026380449019786176,1.9542756544987083,30331782.27,1629.77,1629.995,Q4 ликвид,0.013805629015131526
3,LTC-USDT,0.13701758392327534,0.2739100661949268,1.9990869664458983,29373070.46,43.79,43.81,Q4 ликвид,0.04567252797443053
3,LINK-USDT,0.07874458630970751,0.2586740145082347,3.2849752171006803,26629758.58,8.8895,8.8915,Q4 ликвид,0.02249845323134786
3,NCCO1OILBRENT2USD-USDT,0.06950075292482599,0.41681139284473706,5.997221257380797,26045441.9,86.33,86.37,Q4 ликвид,0.04633383528322281
3,TAO-USDT,0.07141035450141024,0.2448230133632654,3.4283965549902224,25146284.02,196.05,196.06,Q3,0.0051007396072384106
3,UNI-USDT,0.18738288569644682,0.34337443421258373,1.8324748972477525,24832135.27,3.202,3.2035,Q3,0.046845721424111704
3,PENDLE-USDT,0.05369951286871581,0.2991830002684987,5.571428571427439,24785707.42,1.30355,1.30355,Q3,0.0
3,1000PEPE-USDT,0.04884738948278452,3.522872380380088,72.1199723809533,24337152.02,0.00266135,0.0026626,Q3,0.04696864373345794
3,HYPE-USDT,0.014367042005631101,0.3224361845051495,22.44276757726274,24017198.84,55.683,55.825,Q3,0.25501499560009877
3,STRK-USDT,0.26258205689278347,0.43763676148796227,1.6666666666666279,24013866.03,0.022850000000000002,0.022850000000000002,Q3,0.0
3,XRP-USDT,0.05997001499249715,0.25979216626698,4.332034372502368,23746515.33,1.0005,1.0008,Q3,0.029985007496248575
3,BNB-USDT,0.013207640620105482,0.2311298950009868,17.499711087622014,22334297.96,605.71,605.72,Q3,0.0016509550775108393
3,ZRO-USDT,0.08882685108813324,0.2664805532643856,2.999999999999841,21394625.01,0.7880499999999999,0.78805,Q3,1.4088230754712984e-14
3,AKE-USDT,0.15706679490328973,0.4011966488279936,2.5543059503762158,21021418.47,0.01445245,0.0144069,Q3,-0.3151714761165069
3,AVAX-USDT,0.09338521400778564,0.29588102468270855,3.1683926393105506,19637332.85,6.425,6.4215,Q3,-0.05447470817120368
3,WLD-USDT,0.17497812773403018,0.40828229804608124,2.333333333333395,19227494.59,0.3429,0.3429,Q3,0.0
3,DOT-USDT,0.06581112207963882,0.18408941485863997,2.7972386587767213,19139274.4,0.7597499999999999,0.7605,Q2,0.09871668311945093
3,BLUR-USDT,0.5313092979127051,1.3657056145675366,2.5704530674182253,19033714.74,0.013175,0.01318,Q2,0.03795066413663401
3,XAUT-USDT,0.01124378006706758,0.29206577550335533,25.97576382330708,18785731.33,4357.965,4365.455,Q2,0.171869209596676
3,DOGE-USDT,0.057380576674793245,0.27234286533363383,4.746255285602097,18750860.98,0.06971,0.069765,Q2,0.0788982929278432
3,SUI-USDT,0.14753614635585732,0.28029800103267877,1.8998598509994948,16625184.47,0.6778,0.67785,Q2,0.007376807317792047
3,BEAT-USDT,0.9740259740259749,1.133603238866398,1.163832658569501,16448174.8,0.616,0.6174999999999999,Q2,0.2435064935064847
3,ARB-USDT,0.13392259274138074,2.7646076794657795,20.643325542573248,16410809.8,0.07467,0.074875,Q2,0.27454131511985647
3,NCFXEUR2USD-USDT,0.008647078152291389,0.2378182981722609,27.502734910432313,15956161.68,1.15646,1.156345,Q2,-0.009944139875143736
3,NCCOGASOLINE2USD-USDT,0.025203535127422256,0.2510325662525372,9.960212525083662,15904957.73,30154.5,30155.449999999997,Q2,0.0031504418909187337
3,ONDO-USDT,0.21541775657792847,0.21541775657792847,1.0,15897773.85,0.32494999999999996,0.32494999999999996,Q2,0.0
3,INJ-USDT,0.20927799093127436,1.1391375101708587,5.443178736100084,15771090.45,4.3004999999999995,4.3015,Q2,0.023253110103484107
3,TIA-USDT,0.23045267489711224,0.42798353909465797,1.857142857142948,15680371.48,0.30374999999999996,0.30374999999999996,Q2,0.0
3,JTO-USDT,0.14469162597215102,0.30749751288774957,2.1251921859453984,15296920.19,0.5529,0.5528500000000001,Q1 неликвид,-0.009043226623238103
3,NCSKSPCX2USD-USDT,0.05015224789541223,0.05014147057769649,0.9997851079828323,15265821.65,139.575,139.605,Q1 неликвид,0.02149382052659942
3,ENS-USDT,0.1735465476633116,0.3473083602083908,2.001240387000871,15113822.71,4.0335,4.031000000000001,Q1 неликвид,-0.0619809098797447
3,1000BONK-USDT,0.2524190155658546,0.7150368033648826,2.8327374693303713,14349755.17,0.0023769999999999998,0.0023775000000000003,Q1 неликвид,0.02103491796384098
3,KAS-USDT,0.238284352660846,0.43676791741115345,1.8329693600687762,14239784.9,0.02518,0.025185,Q1 неликвид,0.019857029388395796
3,ZEC-USDT,0.014319174397314782,0.22908570259766917,15.998527306199211,14140388.23,488.855,488.9,Q1 неликвид,0.009205183541123457
3,ORDI-USDT,0.2952465308532562,0.38387715930901817,1.300191938579672,13696020.36,3.387,3.3865,Q1 неликвид,-0.014762326542668054
3,ATH-USDT,0.21540118470650943,0.3768506056527624,1.7495289367430018,13502199.48,0.0037140000000000003,0.003715,Q1 неликвид,0.026925148088306382
3,RUNE-USDT,0.167604453489759,1.1494252873563149,6.857963875205424,13258093.52,0.41764999999999997,0.41759999999999997,Q1 неликвид,-0.01197174667783898
3,STX-USDT,0.5702647657841191,0.733197556008145,1.2857142857142714,13003512.01,0.12275,0.12275,Q1 неликвид,0.0
3,BANANA-USDT,0.2365619660927938,0.3154574132492116,1.3335085874517558,12816810.64,3.8045,3.8040000000000003,Q1 неликвид,-0.013142331449591876
3,OP-USDT,0.46674445740956544,1.2813046010483444,2.7451951077460945,12803016.35,0.0857,0.08585000000000001,Q1 неликвид,0.1750291715286012
3,NCSISP5002USD-USDT,0.011307769208431857,0.24953870034282755,22.067898251474233,12535591.78,7782.26,7782.36,Q1 неликвид,0.0012849737736782669
